country,country_clean,area_miles2,area_km2,tota_area_rank,source
Afghanistan,Afghanistan,252072,652864,41,https://www.britannica.com/topic/list-of-the-total-areas-of-the-worlds-countries-dependencies-and-territories-2130540
Albania,Albania,11082,28703,143,https://www.britannica.com/topic/list-of-the-total-areas-of-the-worlds-countries-dependencies-and-territories-2130540
Algeria,Algeria,919595,2381741,10,https://www.britannica.com/topic/list-of-the-total-areas-of-the-worlds-countries-dependencies-and-territories-2130540
American Samoa,American Samoa,77,200,211,https://www.britannica.com/topic/list-of-the-total-areas-of-the-worlds-countries-dependencies-and-territories-2130540
Andorra,Andorra,180,468,195,https://www.britannica.com/topic/list-of-the-total-areas-of-the-worlds-countries-dependencies-and-territories-2130540
Angola,Angola,481354,1246700,24,https://www.britannica.com/topic/list-of-the-total-areas-of-the-worlds-countries-dependencies-and-territories-2130540
Antigua and Barbuda,Antigua and Barbuda,171,442,199,https://www.britannica.com/topic/list-of-the-total-areas-of-the-worlds-countries-dependencies-and-territories-2130540
Argentina,Argentina,1073520,2780400,8,https://www.britannica.com/topic/list-of-the-total-areas-of-the-worlds-countries-dependencies-and-territories-2130540
Armenia,Armenia,11484,29743,142,https://www.britannica.com/topic/list-of-the-total-areas-of-the-worlds-countries-dependencies-and-territories-2130540
Aruba,Aruba,69.5,180,212,https://www.britannica.com/topic/list-of-the-total-areas-of-the-worlds-countries-dependencies-and-territories-2130540
Australia,Australia,2968401,7688126,6,https://www.britannica.com/topic/list-of-the-total-areas-of-the-worlds-countries-dependencies-and-territories-2130540
Austria,Austria,32386,83879,114,https://www.britannica.com/topic/list-of-the-total-areas-of-the-worlds-countries-dependencies-and-territories-2130540
Azerbaijan,Azerbaijan,33436,86600,113,https://www.britannica.com/topic/list-of-the-total-areas-of-the-worlds-countries-dependencies-and-territories-2130540
"Bahamas, The","Bahamas, The",5382,13939,160,https://www.britannica.com/topic/list-of-the-total-areas-of-the-worlds-countries-dependencies-and-territories-2130540
Bahrain,Bahrain,297,770,186,https://www.britannica.com/topic/list-of-the-total-areas-of-the-worlds-countries-dependencies-and-territories-2130540
Bangladesh,Bangladesh,56977,147570,94,https://www.britannica.com/topic/list-of-the-total-areas-of-the-worlds-countries-dependencies-and-territories-2130540
Barbados,Barbados,166,430,200,https://www.britannica.com/topic/list-of-the-total-areas-of-the-worlds-countries-dependencies-and-territories-2130540
Belarus,Belarus,80153,207595,86,https://www.britannica.com/topic/list-of-the-total-areas-of-the-worlds-countries-dependencies-and-territories-2130540
Belgium,Belgium,11787,30528,140,https://www.britannica.com/topic/list-of-the-total-areas-of-the-worlds-countries-dependencies-and-territories-2130540
Belize,Belize,8867,22965,151,https://www.britannica.com/topic/list-of-the-total-areas-of-the-worlds-countries-dependencies-and-territories-2130540
Benin,Benin,44310,114763,102,https://www.britannica.com/topic/list-of-the-total-areas-of-the-worlds-countries-dependencies-and-territories-2130540
Bermuda,Bermuda,21,53,217,https://www.britannica.com/topic/list-of-the-total-areas-of-the-worlds-countries-dependencies-and-territories-2130540
Bhutan,Bhutan,14824,38394,136,https://www.britannica.com/topic/list-of-the-total-areas-of-the-worlds-countries-dependencies-and-territories-2130540
Bolivia,Bolivia,424165,1098581,27,https://www.britannica.com/topic/list-of-the-total-areas-of-the-worlds-countries-dependencies-and-territories-2130540
Bosnia and Herzegovina,Bosnia and Herzegovina,19772,51209,128,https://www.britannica.com/topic/list-of-the-total-areas-of-the-worlds-countries-dependencies-and-territories-2130540
Botswana,Botswana,224607,581730,48,https://www.britannica.com/topic/list-of-the-total-areas-of-the-worlds-countries-dependencies-and-territories-2130540
Brazil,Brazil,3287956,8515767,5,https://www.britannica.com/topic/list-of-the-total-areas-of-the-worlds-countries-dependencies-and-territories-2130540
Brunei,Brunei,2226,5765,170,https://www.britannica.com/topic/list-of-the-total-areas-of-the-worlds-countries-dependencies-and-territories-2130540
Bulgaria,Bulgaria,42858,111002,104,https://www.britannica.com/topic/list-of-the-total-areas-of-the-worlds-countries-dependencies-and-territories-2130540
Burkina Faso,Burkina Faso,104543,270764,74,https://www.britannica.com/topic/list-of-the-total-areas-of-the-worlds-countries-dependencies-and-territories-2130540
Burundi,Burundi,10747,27834,146,https://www.britannica.com/topic/list-of-the-total-areas-of-the-worlds-countries-dependencies-and-territories-2130540
Cabo Verde (Cape Verde),Cabo Verde (Cape Verde),1557,4033,174,https://www.britannica.com/topic/list-of-the-total-areas-of-the-worlds-countries-dependencies-and-territories-2130540
Cambodia,Cambodia,69898,181035,90,https://www.britannica.com/topic/list-of-the-total-areas-of-the-worlds-countries-dependencies-and-territories-2130540
Cameroon,Cameroon,183920,476350,54,https://www.britannica.com/topic/list-of-the-total-areas-of-the-worlds-countries-dependencies-and-territories-2130540
Canada,Canada,3855103,9984670,2,https://www.britannica.com/topic/list-of-the-total-areas-of-the-worlds-countries-dependencies-and-territories-2130540
Cayman Islands,Cayman Islands,102,264,209,https://www.britannica.com/topic/list-of-the-total-areas-of-the-worlds-countries-dependencies-and-territories-2130540
Central African Republic,Central African Republic (the),240324,622436,44,https://www.britannica.com/topic/list-of-the-total-areas-of-the-worlds-countries-dependencies-and-territories-2130540
Chad,Chad,495755,1284000,21,https://www.britannica.com/topic/list-of-the-total-areas-of-the-worlds-countries-dependencies-and-territories-2130540
Chile,Chile,291930,756096,38,https://www.britannica.com/topic/list-of-the-total-areas-of-the-worlds-countries-dependencies-and-territories-2130540
China,China,3696100,9572900,3,https://www.britannica.com/topic/list-of-the-total-areas-of-the-worlds-countries-dependencies-and-territories-2130540
Colombia,Colombia,440831,1141748,26,https://www.britannica.com/topic/list-of-the-total-areas-of-the-worlds-countries-dependencies-and-territories-2130540
Comoros,Comoros,719,1862,179,https://www.britannica.com/topic/list-of-the-total-areas-of-the-worlds-countries-dependencies-and-territories-2130540
"Congo, Democratic Republic of the",Congo (the Democratic Republic of the),905568,2345410,11,https://www.britannica.com/topic/list-of-the-total-areas-of-the-worlds-countries-dependencies-and-territories-2130540
"Congo, Republic of the",Congo (the),132047,342000,66,https://www.britannica.com/topic/list-of-the-total-areas-of-the-worlds-countries-dependencies-and-territories-2130540
Costa Rica,Costa Rica,19730,51100,129,https://www.britannica.com/topic/list-of-the-total-areas-of-the-worlds-countries-dependencies-and-territories-2130540
Côte d’Ivoire,Côte d'Ivoire,124504,322463,69,https://www.britannica.com/topic/list-of-the-total-areas-of-the-worlds-countries-dependencies-and-territories-2130540
Croatia,Croatia,21851,56594,127,https://www.britannica.com/topic/list-of-the-total-areas-of-the-worlds-countries-dependencies-and-territories-2130540
Cuba,Cuba,42426,109884,105,https://www.britannica.com/topic/list-of-the-total-areas-of-the-worlds-countries-dependencies-and-territories-2130540
Curaçao,Curaçao,171,444,198,https://www.britannica.com/topic/list-of-the-total-areas-of-the-worlds-countries-dependencies-and-territories-2130540
Cyprus,Cyprus,3572,9251,168,https://www.britannica.com/topic/list-of-the-total-areas-of-the-worlds-countries-dependencies-and-territories-2130540
Czech Republic,Czech Republic,30450,78865,117,https://www.britannica.com/topic/list-of-the-total-areas-of-the-worlds-countries-dependencies-and-territories-2130540
Denmark,Denmark,16570,42916,133,https://www.britannica.com/topic/list-of-the-total-areas-of-the-worlds-countries-dependencies-and-territories-2130540
Djibouti,Djibouti,8960,23200,150,https://www.britannica.com/topic/list-of-the-total-areas-of-the-worlds-countries-dependencies-and-territories-2130540
Dominica,Dominica,290,751,187,https://www.britannica.com/topic/list-of-the-total-areas-of-the-worlds-countries-dependencies-and-territories-2130540
Dominican Republic,Dominican Republic (the),18653,48311,131,https://www.britannica.com/topic/list-of-the-total-areas-of-the-worlds-countries-dependencies-and-territories-2130540
East Timor,East Timor,5773,14954,159,https://www.britannica.com/topic/list-of-the-total-areas-of-the-worlds-countries-dependencies-and-territories-2130540
Ecuador,Ecuador,98985,256370,77,https://www.britannica.com/topic/list-of-the-total-areas-of-the-worlds-countries-dependencies-and-territories-2130540
Egypt,Egypt,390121,1010408,30,https://www.britannica.com/topic/list-of-the-total-areas-of-the-worlds-countries-dependencies-and-territories-2130540
El Salvador,El Salvador,8124,21040,153,https://www.britannica.com/topic/list-of-the-total-areas-of-the-worlds-countries-dependencies-and-territories-2130540
Equatorial Guinea,Equatorial Guinea,10831,28051,145,https://www.britannica.com/topic/list-of-the-total-areas-of-the-worlds-countries-dependencies-and-territories-2130540
Eritrea,Eritrea,46760,121100,100,https://www.britannica.com/topic/list-of-the-total-areas-of-the-worlds-countries-dependencies-and-territories-2130540
Estonia,Estonia,17462,45227,132,https://www.britannica.com/topic/list-of-the-total-areas-of-the-worlds-countries-dependencies-and-territories-2130540
Eswatini (Swaziland),Eswatini,6704,17364,158,https://www.britannica.com/topic/list-of-the-total-areas-of-the-worlds-countries-dependencies-and-territories-2130540
Ethiopia,Ethiopia,410678,1063652,28,https://www.britannica.com/topic/list-of-the-total-areas-of-the-worlds-countries-dependencies-and-territories-2130540
Faroe Islands,Faroe Islands,540,1399,181,https://www.britannica.com/topic/list-of-the-total-areas-of-the-worlds-countries-dependencies-and-territories-2130540
Fiji,Fiji,7055,18272,156,https://www.britannica.com/topic/list-of-the-total-areas-of-the-worlds-countries-dependencies-and-territories-2130540
Finland,Finland,150928,390903,61,https://www.britannica.com/topic/list-of-the-total-areas-of-the-worlds-countries-dependencies-and-territories-2130540
France,France,210026,543965,49,https://www.britannica.com/topic/list-of-the-total-areas-of-the-worlds-countries-dependencies-and-territories-2130540
French Guiana,French Guiana,32253,83534,116,https://www.britannica.com/topic/list-of-the-total-areas-of-the-worlds-countries-dependencies-and-territories-2130540
French Polynesia,French Polynesia,1609,4167,173,https://www.britannica.com/topic/list-of-the-total-areas-of-the-worlds-countries-dependencies-and-territories-2130540
Gabon,Gabon,103347,267667,76,https://www.britannica.com/topic/list-of-the-total-areas-of-the-worlds-countries-dependencies-and-territories-2130540
"Gambia, The","Gambia, The",4491,11632,163,https://www.britannica.com/topic/list-of-the-total-areas-of-the-worlds-countries-dependencies-and-territories-2130540
Gaza Strip,Gaza Strip,141,365,203,https://www.britannica.com/topic/list-of-the-total-areas-of-the-worlds-countries-dependencies-and-territories-2130540
Georgia,Georgia,26911,69700,122,https://www.britannica.com/topic/list-of-the-total-areas-of-the-worlds-countries-dependencies-and-territories-2130540
Germany,Germany,137879,357104,65,https://www.britannica.com/topic/list-of-the-total-areas-of-the-worlds-countries-dependencies-and-territories-2130540
Ghana,Ghana,92098,238533,82,https://www.britannica.com/topic/list-of-the-total-areas-of-the-worlds-countries-dependencies-and-territories-2130540
Greece,Greece,50949,131957,97,https://www.britannica.com/topic/list-of-the-total-areas-of-the-worlds-countries-dependencies-and-territories-2130540
Greenland,Greenland,836330,2166086,12,https://www.britannica.com/topic/list-of-the-total-areas-of-the-worlds-countries-dependencies-and-territories-2130540
Grenada,Grenada,133,344,205,https://www.britannica.com/topic/list-of-the-total-areas-of-the-worlds-countries-dependencies-and-territories-2130540
Guadeloupe,Guadeloupe,629,1630,180,https://www.britannica.com/topic/list-of-the-total-areas-of-the-worlds-countries-dependencies-and-territories-2130540
Guam,Guam,217,561,193,https://www.britannica.com/topic/list-of-the-total-areas-of-the-worlds-countries-dependencies-and-territories-2130540
Guatemala,Guatemala,42042,108889,106,https://www.britannica.com/topic/list-of-the-total-areas-of-the-worlds-countries-dependencies-and-territories-2130540
Guernsey,Guernsey,30,79,215,https://www.britannica.com/topic/list-of-the-total-areas-of-the-worlds-countries-dependencies-and-territories-2130540
Guinea,Guinea,94926,245857,79,https://www.britannica.com/topic/list-of-the-total-areas-of-the-worlds-countries-dependencies-and-territories-2130540
Guinea-Bissau,Guinea-Bissau,13948,36125,138,https://www.britannica.com/topic/list-of-the-total-areas-of-the-worlds-countries-dependencies-and-territories-2130540
Guyana,Guyana,83012,214999,85,https://www.britannica.com/topic/list-of-the-total-areas-of-the-worlds-countries-dependencies-and-territories-2130540
Haiti,Haiti,10695,27700,147,https://www.britannica.com/topic/list-of-the-total-areas-of-the-worlds-countries-dependencies-and-territories-2130540
Honduras,Honduras,43433,112492,103,https://www.britannica.com/topic/list-of-the-total-areas-of-the-worlds-countries-dependencies-and-territories-2130540
Hong Kong,Hong Kong,426,1104,183,https://www.britannica.com/topic/list-of-the-total-areas-of-the-worlds-countries-dependencies-and-territories-2130540
Hungary,Hungary,35917,93024,110,https://www.britannica.com/topic/list-of-the-total-areas-of-the-worlds-countries-dependencies-and-territories-2130540
Iceland,Iceland,39777,103022,107,https://www.britannica.com/topic/list-of-the-total-areas-of-the-worlds-countries-dependencies-and-territories-2130540
India,India,1222550,3166391,7,https://www.britannica.com/topic/list-of-the-total-areas-of-the-worlds-countries-dependencies-and-territories-2130540
Indonesia,Indonesia,737815,1910931,15,https://www.britannica.com/topic/list-of-the-total-areas-of-the-worlds-countries-dependencies-and-territories-2130540
Iran,Iran,628872,1628771,18,https://www.britannica.com/topic/list-of-the-total-areas-of-the-worlds-countries-dependencies-and-territories-2130540
Iraq,Iraq,167618,434128,59,https://www.britannica.com/topic/list-of-the-total-areas-of-the-worlds-countries-dependencies-and-territories-2130540
Ireland,Ireland,27133,70273,121,https://www.britannica.com/topic/list-of-the-total-areas-of-the-worlds-countries-dependencies-and-territories-2130540
Isle of Man,Isle of Man,221,572,192,https://www.britannica.com/topic/list-of-the-total-areas-of-the-worlds-countries-dependencies-and-territories-2130540
Israel,Israel,8357,21643,152,https://www.britannica.com/topic/list-of-the-total-areas-of-the-worlds-countries-dependencies-and-territories-2130540
Italy,Italy,116631,302073,72,https://www.britannica.com/topic/list-of-the-total-areas-of-the-worlds-countries-dependencies-and-territories-2130540
Jamaica,Jamaica,4244,10991,165,https://www.britannica.com/topic/list-of-the-total-areas-of-the-worlds-countries-dependencies-and-territories-2130540
Japan,Japan,145898,377873,64,https://www.britannica.com/topic/list-of-the-total-areas-of-the-worlds-countries-dependencies-and-territories-2130540
Jersey,Jersey,46,118,214,https://www.britannica.com/topic/list-of-the-total-areas-of-the-worlds-countries-dependencies-and-territories-2130540
Jordan,Jordan,34284,88794,112,https://www.britannica.com/topic/list-of-the-total-areas-of-the-worlds-countries-dependencies-and-territories-2130540
Kazakhstan,Kazakhstan,1052089,2724900,9,https://www.britannica.com/topic/list-of-the-total-areas-of-the-worlds-countries-dependencies-and-territories-2130540
Kenya,Kenya,228561,591971,47,https://www.britannica.com/topic/list-of-the-total-areas-of-the-worlds-countries-dependencies-and-territories-2130540
Kiribati,Kiribati,313,811,185,https://www.britannica.com/topic/list-of-the-total-areas-of-the-worlds-countries-dependencies-and-territories-2130540
"Korea, North","Korea, North",47399,122762,99,https://www.britannica.com/topic/list-of-the-total-areas-of-the-worlds-countries-dependencies-and-territories-2130540
"Korea, South","Korea, South",37491,97100,108,https://www.britannica.com/topic/list-of-the-total-areas-of-the-worlds-countries-dependencies-and-territories-2130540
Kosovo,Kosovo,4210,10905,166,https://www.britannica.com/topic/list-of-the-total-areas-of-the-worlds-countries-dependencies-and-territories-2130540
Kuwait,Kuwait,6880,17818,157,https://www.britannica.com/topic/list-of-the-total-areas-of-the-worlds-countries-dependencies-and-territories-2130540
Kyrgyzstan,Kyrgyzstan,77199,199945,87,https://www.britannica.com/topic/list-of-the-total-areas-of-the-worlds-countries-dependencies-and-territories-2130540
Laos,Laos,91429,236800,84,https://www.britannica.com/topic/list-of-the-total-areas-of-the-worlds-countries-dependencies-and-territories-2130540
Latvia,Latvia,24932,64573,125,https://www.britannica.com/topic/list-of-the-total-areas-of-the-worlds-countries-dependencies-and-territories-2130540
Lebanon,Lebanon,4036,10452,167,https://www.britannica.com/topic/list-of-the-total-areas-of-the-worlds-countries-dependencies-and-territories-2130540
Lesotho,Lesotho,11720,30355,141,https://www.britannica.com/topic/list-of-the-total-areas-of-the-worlds-countries-dependencies-and-territories-2130540
Liberia,Liberia,38491,99691,109,https://www.britannica.com/topic/list-of-the-total-areas-of-the-worlds-countries-dependencies-and-territories-2130540
Libya,Libya,647184,1676198,17,https://www.britannica.com/topic/list-of-the-total-areas-of-the-worlds-countries-dependencies-and-territories-2130540
Liechtenstein,Liechtenstein,62,160.5,210,https://www.britannica.com/topic/list-of-the-total-areas-of-the-worlds-countries-dependencies-and-territories-2130540
Lithuania,Lithuania,25207,65286,124,https://www.britannica.com/topic/list-of-the-total-areas-of-the-worlds-countries-dependencies-and-territories-2130540
Luxembourg,Luxembourg,999,2586,176,https://www.britannica.com/topic/list-of-the-total-areas-of-the-worlds-countries-dependencies-and-territories-2130540
Macau,Macau,11.9,30.8,219,https://www.britannica.com/topic/list-of-the-total-areas-of-the-worlds-countries-dependencies-and-territories-2130540
Madagascar,Madagascar,226756,587295,46,https://www.britannica.com/topic/list-of-the-total-areas-of-the-worlds-countries-dependencies-and-territories-2130540
Malawi,Malawi,45747,118484,101,https://www.britannica.com/topic/list-of-the-total-areas-of-the-worlds-countries-dependencies-and-territories-2130540
Malaysia,Malaysia,127547,330345,68,https://www.britannica.com/topic/list-of-the-total-areas-of-the-worlds-countries-dependencies-and-territories-2130540
Maldives,Maldives,115,298,207,https://www.britannica.com/topic/list-of-the-total-areas-of-the-worlds-countries-dependencies-and-territories-2130540
Mali,Mali,479245,1241238,23,https://www.britannica.com/topic/list-of-the-total-areas-of-the-worlds-countries-dependencies-and-territories-2130540
Malta,Malta,121.7,315.2,206,https://www.britannica.com/topic/list-of-the-total-areas-of-the-worlds-countries-dependencies-and-territories-2130540
Marshall Islands,Marshall Islands,70.1,818.43,213,https://www.britannica.com/topic/list-of-the-total-areas-of-the-worlds-countries-dependencies-and-territories-2130540
Martinique,Martinique,436,1128,182,https://www.britannica.com/topic/list-of-the-total-areas-of-the-worlds-countries-dependencies-and-territories-2130540
Mauritania,Mauritania,397956,1030700,29,https://www.britannica.com/topic/list-of-the-total-areas-of-the-worlds-countries-dependencies-and-territories-2130540
Mauritius,Mauritius,791.3,2049.5,178,https://www.britannica.com/topic/list-of-the-total-areas-of-the-worlds-countries-dependencies-and-territories-2130540
Mayotte,Mayotte,145,374,202,https://www.britannica.com/topic/list-of-the-total-areas-of-the-worlds-countries-dependencies-and-territories-2130540
Mexico,Mexico,758450,1964375,14,https://www.britannica.com/topic/list-of-the-total-areas-of-the-worlds-countries-dependencies-and-territories-2130540
Micronesia,Micronesia,273.5,708.4,190,https://www.britannica.com/topic/list-of-the-total-areas-of-the-worlds-countries-dependencies-and-territories-2130540
Moldova,Moldova,13067,33843,139,https://www.britannica.com/topic/list-of-the-total-areas-of-the-worlds-countries-dependencies-and-territories-2130540
Monaco,Monaco,0.78,2.03,222,https://www.britannica.com/topic/list-of-the-total-areas-of-the-worlds-countries-dependencies-and-territories-2130540
Mongolia,Mongolia,603909,1564116,19,https://www.britannica.com/topic/list-of-the-total-areas-of-the-worlds-countries-dependencies-and-territories-2130540
Montenegro,Montenegro,5333,13812,161,https://www.britannica.com/topic/list-of-the-total-areas-of-the-worlds-countries-dependencies-and-territories-2130540
Morocco,Morocco,169827,439850,58,https://www.britannica.com/topic/list-of-the-total-areas-of-the-worlds-countries-dependencies-and-territories-2130540
Mozambique,Mozambique,308642,799380,36,https://www.britannica.com/topic/list-of-the-total-areas-of-the-worlds-countries-dependencies-and-territories-2130540
Myanmar (Burma),Myanmar (Burma),261219,676533,40,https://www.britannica.com/topic/list-of-the-total-areas-of-the-worlds-countries-dependencies-and-territories-2130540
Namibia,Namibia,318261,824292,35,https://www.britannica.com/topic/list-of-the-total-areas-of-the-worlds-countries-dependencies-and-territories-2130540
Nauru,Nauru,8.1,21.1,221,https://www.britannica.com/topic/list-of-the-total-areas-of-the-worlds-countries-dependencies-and-territories-2130540
Nepal,Nepal,56827,147181,95,https://www.britannica.com/topic/list-of-the-total-areas-of-the-worlds-countries-dependencies-and-territories-2130540
Netherlands,Netherlands,13143,34040,134,https://www.britannica.com/topic/list-of-the-total-areas-of-the-worlds-countries-dependencies-and-territories-2130540
New Caledonia,New Caledonia,7172,18576,155,https://www.britannica.com/topic/list-of-the-total-areas-of-the-worlds-countries-dependencies-and-territories-2130540
New Zealand,New Zealand,103517,268107,75,https://www.britannica.com/topic/list-of-the-total-areas-of-the-worlds-countries-dependencies-and-territories-2130540
Nicaragua,Nicaragua,50337,130373,98,https://www.britannica.com/topic/list-of-the-total-areas-of-the-worlds-countries-dependencies-and-territories-2130540
Niger,Niger (the),489191,1267000,22,https://www.britannica.com/topic/list-of-the-total-areas-of-the-worlds-countries-dependencies-and-territories-2130540
Nigeria,Nigeria,356669,923769,32,https://www.britannica.com/topic/list-of-the-total-areas-of-the-worlds-countries-dependencies-and-territories-2130540
North Macedonia,Republic of North Macedonia,9928,25713,149,https://www.britannica.com/topic/list-of-the-total-areas-of-the-worlds-countries-dependencies-and-territories-2130540
Northern Mariana Islands,Northern Mariana Islands,176.5,457.1,196,https://www.britannica.com/topic/list-of-the-total-areas-of-the-worlds-countries-dependencies-and-territories-2130540
Norway,Norway,148730,385208,63,https://www.britannica.com/topic/list-of-the-total-areas-of-the-worlds-countries-dependencies-and-territories-2130540
Oman,Oman,119684,309980,71,https://www.britannica.com/topic/list-of-the-total-areas-of-the-worlds-countries-dependencies-and-territories-2130540
Pakistan,Pakistan,340499,881889,34,https://www.britannica.com/topic/list-of-the-total-areas-of-the-worlds-countries-dependencies-and-territories-2130540
Palau,Palau,189,490,194,https://www.britannica.com/topic/list-of-the-total-areas-of-the-worlds-countries-dependencies-and-territories-2130540
Panama,Panama,29081,75320,119,https://www.britannica.com/topic/list-of-the-total-areas-of-the-worlds-countries-dependencies-and-territories-2130540
Papua New Guinea,Papua New Guinea,178704,462840,55,https://www.britannica.com/topic/list-of-the-total-areas-of-the-worlds-countries-dependencies-and-territories-2130540
Paraguay,Paraguay,157048,406752,60,https://www.britannica.com/topic/list-of-the-total-areas-of-the-worlds-countries-dependencies-and-territories-2130540
Peru,Peru,496225,1285216,20,https://www.britannica.com/topic/list-of-the-total-areas-of-the-worlds-countries-dependencies-and-territories-2130540
Philippines,Philippines,115831,300000,73,https://www.britannica.com/topic/list-of-the-total-areas-of-the-worlds-countries-dependencies-and-territories-2130540
Poland,Poland,120726,312679,70,https://www.britannica.com/topic/list-of-the-total-areas-of-the-worlds-countries-dependencies-and-territories-2130540
Portugal,Portugal,35609,92226,111,https://www.britannica.com/topic/list-of-the-total-areas-of-the-worlds-countries-dependencies-and-territories-2130540
Puerto Rico,Puerto Rico,3424,8868,169,https://www.britannica.com/topic/list-of-the-total-areas-of-the-worlds-countries-dependencies-and-territories-2130540
Qatar,Qatar,4489,11627,164,https://www.britannica.com/topic/list-of-the-total-areas-of-the-worlds-countries-dependencies-and-territories-2130540
Réunion,Réunion,970,2512,177,https://www.britannica.com/topic/list-of-the-total-areas-of-the-worlds-countries-dependencies-and-territories-2130540
Romania,Romania,92046,238397,83,https://www.britannica.com/topic/list-of-the-total-areas-of-the-worlds-countries-dependencies-and-territories-2130540
Russia,Russia,6612000,17125000,1,https://www.britannica.com/topic/list-of-the-total-areas-of-the-worlds-countries-dependencies-and-territories-2130540
Rwanda,Rwanda,10185,26379,148,https://www.britannica.com/topic/list-of-the-total-areas-of-the-worlds-countries-dependencies-and-territories-2130540
Saint Kitts and Nevis,Saint Kitts and Nevis,105,272,208,https://www.britannica.com/topic/list-of-the-total-areas-of-the-worlds-countries-dependencies-and-territories-2130540
Saint Lucia,Saint Lucia,238,616,191,https://www.britannica.com/topic/list-of-the-total-areas-of-the-worlds-countries-dependencies-and-territories-2130540
Saint Vincent and the Grenadines,Saint Vincent and the Grenadines,150,389,201,https://www.britannica.com/topic/list-of-the-total-areas-of-the-worlds-countries-dependencies-and-territories-2130540
Samoa,Samoa,1093,2830,175,https://www.britannica.com/topic/list-of-the-total-areas-of-the-worlds-countries-dependencies-and-territories-2130540
San Marino,San Marino,24,61,216,https://www.britannica.com/topic/list-of-the-total-areas-of-the-worlds-countries-dependencies-and-territories-2130540
Sao Tome and Principe,Sao Tome and Principe,386,1001,184,https://www.britannica.com/topic/list-of-the-total-areas-of-the-worlds-countries-dependencies-and-territories-2130540
Saudi Arabia,Saudi Arabia,830000,2149690,13,https://www.britannica.com/topic/list-of-the-total-areas-of-the-worlds-countries-dependencies-and-territories-2130540
Senegal,Senegal,75951,196712,88,https://www.britannica.com/topic/list-of-the-total-areas-of-the-worlds-countries-dependencies-and-territories-2130540
Serbia,Serbia,29957,77589,118,https://www.britannica.com/topic/list-of-the-total-areas-of-the-worlds-countries-dependencies-and-territories-2130540
Seychelles,Seychelles,175,452,197,https://www.britannica.com/topic/list-of-the-total-areas-of-the-worlds-countries-dependencies-and-territories-2130540
Sierra Leone,Sierra Leone,27699,71740,120,https://www.britannica.com/topic/list-of-the-total-areas-of-the-worlds-countries-dependencies-and-territories-2130540
Singapore,Singapore,279,722.5,189,https://www.britannica.com/topic/list-of-the-total-areas-of-the-worlds-countries-dependencies-and-territories-2130540
Sint Maarten,Sint Maarten,13,34,218,https://www.britannica.com/topic/list-of-the-total-areas-of-the-worlds-countries-dependencies-and-territories-2130540
Slovakia,Slovakia,18932,49034,130,https://www.britannica.com/topic/list-of-the-total-areas-of-the-worlds-countries-dependencies-and-territories-2130540
Slovenia,Slovenia,7827,20273,154,https://www.britannica.com/topic/list-of-the-total-areas-of-the-worlds-countries-dependencies-and-territories-2130540
Solomon Islands,Solomon Islands,11740,30407,144,https://www.britannica.com/topic/list-of-the-total-areas-of-the-worlds-countries-dependencies-and-territories-2130540
Somalia,Somalia,246201,637657,43,https://www.britannica.com/topic/list-of-the-total-areas-of-the-worlds-countries-dependencies-and-territories-2130540
South Africa,South Africa,471359,1220813,25,https://www.britannica.com/topic/list-of-the-total-areas-of-the-worlds-countries-dependencies-and-territories-2130540
South Sudan,South Sudan,248777,644329,42,https://www.britannica.com/topic/list-of-the-total-areas-of-the-worlds-countries-dependencies-and-territories-2130540
Spain,Spain,195346,505944,52,https://www.britannica.com/topic/list-of-the-total-areas-of-the-worlds-countries-dependencies-and-territories-2130540
Sri Lanka,Sri Lanka,25332,65610,123,https://www.britannica.com/topic/list-of-the-total-areas-of-the-worlds-countries-dependencies-and-territories-2130540
Sudan,Sudan (the),712280,1844797,16,https://www.britannica.com/topic/list-of-the-total-areas-of-the-worlds-countries-dependencies-and-territories-2130540
Suriname,Suriname,63251,163820,92,https://www.britannica.com/topic/list-of-the-total-areas-of-the-worlds-countries-dependencies-and-territories-2130540
Sweden,Sweden,172750,447420,56,https://www.britannica.com/topic/list-of-the-total-areas-of-the-worlds-countries-dependencies-and-territories-2130540
Switzerland,Switzerland,15940,41285,135,https://www.britannica.com/topic/list-of-the-total-areas-of-the-worlds-countries-dependencies-and-territories-2130540
Syria,Syria,71498,185180,89,https://www.britannica.com/topic/list-of-the-total-areas-of-the-worlds-countries-dependencies-and-territories-2130540
Taiwan,Taiwan,13976,36197,137,https://www.britannica.com/topic/list-of-the-total-areas-of-the-worlds-countries-dependencies-and-territories-2130540
Tajikistan,Tajikistan,55058,142600,96,https://www.britannica.com/topic/list-of-the-total-areas-of-the-worlds-countries-dependencies-and-territories-2130540
Tanzania,"Tanzania, United Republic of",365756,947303,31,https://www.britannica.com/topic/list-of-the-total-areas-of-the-worlds-countries-dependencies-and-territories-2130540
Thailand,Thailand,198117,513120,51,https://www.britannica.com/topic/list-of-the-total-areas-of-the-worlds-countries-dependencies-and-territories-2130540
Togo,Togo,21853,56600,126,https://www.britannica.com/topic/list-of-the-total-areas-of-the-worlds-countries-dependencies-and-territories-2130540
Tonga,Tonga,289,748,188,https://www.britannica.com/topic/list-of-the-total-areas-of-the-worlds-countries-dependencies-and-territories-2130540
Trinidad and Tobago,Trinidad and Tobago,1980,5127,172,https://www.britannica.com/topic/list-of-the-total-areas-of-the-worlds-countries-dependencies-and-territories-2130540
Tunisia,Tunisia,63170,163610,93,https://www.britannica.com/topic/list-of-the-total-areas-of-the-worlds-countries-dependencies-and-territories-2130540
Turkey,Turkey,303224,785347,37,https://www.britannica.com/topic/list-of-the-total-areas-of-the-worlds-countries-dependencies-and-territories-2130540
Turkmenistan,Turkmenistan,189657,491210,53,https://www.britannica.com/topic/list-of-the-total-areas-of-the-worlds-countries-dependencies-and-territories-2130540
Tuvalu,Tuvalu,9.9,25.6,220,https://www.britannica.com/topic/list-of-the-total-areas-of-the-worlds-countries-dependencies-and-territories-2130540
Uganda,Uganda,93263,241551,81,https://www.britannica.com/topic/list-of-the-total-areas-of-the-worlds-countries-dependencies-and-territories-2130540
Ukraine,Ukraine,233032,603549,45,https://www.britannica.com/topic/list-of-the-total-areas-of-the-worlds-countries-dependencies-and-territories-2130540
United Arab Emirates,United Arab Emirates,32278,83600,115,https://www.britannica.com/topic/list-of-the-total-areas-of-the-worlds-countries-dependencies-and-territories-2130540
United Kingdom,United Kingdom,93630,242500,80,https://www.britannica.com/topic/list-of-the-total-areas-of-the-worlds-countries-dependencies-and-territories-2130540
United States,United States,3677649,9525067,4,https://www.britannica.com/topic/list-of-the-total-areas-of-the-worlds-countries-dependencies-and-territories-2130540
United States Virgin Islands,United States Virgin Islands,135,350,204,https://www.britannica.com/topic/list-of-the-total-areas-of-the-worlds-countries-dependencies-and-territories-2130540
Uruguay,Uruguay,67574,175016,91,https://www.britannica.com/topic/list-of-the-total-areas-of-the-worlds-countries-dependencies-and-territories-2130540
Uzbekistan,Uzbekistan,172742,447400,57,https://www.britannica.com/topic/list-of-the-total-areas-of-the-worlds-countries-dependencies-and-territories-2130540
Vanuatu,Vanuatu,4707,12190,162,https://www.britannica.com/topic/list-of-the-total-areas-of-the-worlds-countries-dependencies-and-territories-2130540
Vatican City,Vatican City,0.17,0.44,223,https://www.britannica.com/topic/list-of-the-total-areas-of-the-worlds-countries-dependencies-and-territories-2130540
Venezuela,Venezuela,353841,916445,33,https://www.britannica.com/topic/list-of-the-total-areas-of-the-worlds-countries-dependencies-and-territories-2130540
Vietnam,Vietnam,127889,331231,67,https://www.britannica.com/topic/list-of-the-total-areas-of-the-worlds-countries-dependencies-and-territories-2130540
West Bank,West Bank,2183,5655,171,https://www.britannica.com/topic/list-of-the-total-areas-of-the-worlds-countries-dependencies-and-territories-2130540
Yemen,Yemen,175677,455000,50,https://www.britannica.com/topic/list-of-the-total-areas-of-the-worlds-countries-dependencies-and-territories-2130540
Zambia,Zambia,290586,752614,39,https://www.britannica.com/topic/list-of-the-total-areas-of-the-worlds-countries-dependencies-and-territories-2130540
Zimbabwe,Zimbabwe,150872,390757,62,https://www.britannica.com/topic/list-of-the-total-areas-of-the-worlds-countries-dependencies-and-territories-2130540